Scientific Name,Native,Susceptibility,Susceptibility_numeric_approx,Susceptibilty_binary,Observation,References,Synonyms
Acca sellowiana,N,R,1,0,I,Morin et al. 2012,
Agonis flexuosa,Y,H,5,1,NI,Giblin and Carnegie 2014; Pegg et al. 2014,
Allosyncarpia ternata,Y,L-M,3.5,1,I,Morin et al. 2012,
Angophora costata,Y,R-H,3,0,I,Morin et al. 2012,
Angophora floribunda,Y,L-H,4,1,NI,Morin et al. 2012,
Angophora subvelutina,Y,S*,4,1,N,Giblin and Carnegie 2014,
Archirhodomyrtus beckleri,Y,M,4,1,N,Pegg et al. 2014,
Asteromyrtus brassii,Y,M,4,1,N,Pegg et al. 2014,
Asteromyrtus magnifica,Y,R-H,3,0,I,Morin et al. 2012,
Austromyrtus dulcis,Y,M-H,4.5,1,NI,Morin et al. 2012; Giblin and Carnegie 2014,
Austromyrtus dulcis x tenuifolia 'copper tops',H,S*,4,1,N,NSW BioAtlas: Myrtle Rust Records,
Austromyrtus sp.,Y,M-H,4.5,1,NI,"Pegg, unpublished data",
Austromyrtus sp. Lockerbie scrub,Y,M,4,1,N,Pegg et al. 2014,
Austromyrtus tenuifolia,Y,M,4,1,N,Pegg et al. 2014,
Backhousia angustifolia,Y,M,4,1,N,Pegg et al. 2014,
Backhousia bancroftii,Y,M,4,1,N,Pegg et al. 2014,
Backhousia citriodora,Y,R-H,3,0,NI,"Sandu and Park 2013; Giblin and Carnegie, 2014",Leptospermum citriodora
Backhousia enata,Y,S*,4,1,N,Giblin and Carnegie 2014,
Backhousia gundarara,Y,M,4,1,N,Pegg et al. 2014,
Backhousia hughesii,Y,M,4,1,N,Pegg et al. 2014; Pegg Mt Cootha 2016,
Backhousia leptopetala,Y,H,5,1,N,Pegg et al. 2014,Choricarpia leptopetala
Backhousia myrtifolia,Y,R-H,3,0,NI,Morin et al. 2012; Pegg et al. 2014,
Backhousia oligantha,Y,H,5,1,N,Pegg et al. 2014; Pegg Mt Cootha 2016,
Backhousia sciadophora,Y,M,4,1,N,Pegg et al. 2014,
Backhousia subargentea,Y,M,4,1,N,Pegg et al. 2014; Pegg Mt Cootha 2016,
Backhousia tetraptera,Y,S*,4,1,N,Giblin and Carnegie 2014,
Baeckea gunniana,Y,S*,4,1,I,Giblin and Carnegie 2014,
Baeckea leptocaulis,Y,S*,4,1,I,Giblin and Carnegie 2014,
Baeckea linifolia,Y,MS,4,1,N,Pegg et al. 2014,
Barongia lophandra,Y,S*,4,1,N,Giblin and Carnegie 2014,
Beaufortia schaueri,Y,H,5,1,I,Morin et al. 2012,
Beaufortia sparsa,Y,H,5,1,I,Morin et al. 2012,
Callistemon citrinus,Y,R-H,3,0,I,Morin et al. 2012; Sandhu and Park 2013,
Callistemon formosus,Y,M,4,1,N,Pegg et al. 2014; Pegg Mt Cootha 2016,Melaleuca formosa
Callistemon linearifolius,Y,M-H,4.5,1,I,Morin et al. 2012,
Callistemon linearis,Y,R-S*,3,0,I,Morin et al. 2012,
Callistemon pachyphyllus,Y,M,4,1,N,Pegg et al. 2014,Melaleuca pachyphylla
Callistemon pallidus,Y,H,5,1,I,Sandhu and Park 2013,Melaleuca pallida
Callistemon pinifolius,Y,S*,4,1,N,Giblin and Carnegie 2014,
Callistemon polandii,Y,H,5,1,N,Pegg et al. 2014,Melaleuca polandii
Callistemon rigidus,Y,S*,4,1,N,Giblin and Carnegie 2014,
Callistemon salignus,Y,M,4,1,N,Pegg et al. 2014,Melaleuca salicina
Callistemon sieberi,Y,H,5,1,N,Pegg et al. 2014,Melaleuca paludicola
Callistemon sp. 'Rock of Gibreltar',Y,S*,4,1,N,MR Working Group 2016,
Callistemon sp. 'taree pink',Y,S*,4,1,N,NSW BioAtlas: Myrtle Rust Records,
Callistemon viminalis,Y,R-H,3,0,I,Morin et al. 2012; Sandhu and Park 2013,
Callistemon viridiflorus,Y,L-H,4,1,I,Sandhu and Park 2013,Melaleuca virens
Calothamnus gilesii,Y,S*,4,1,N,MR Working Group 2016,
Calothamnus quadrifidus,Y,R-H,3,0,NI,Morin et al. 2012,
Calothamnus torulosus,Y,S*,4,1,N,MR Working Group 2016,
Calytrix tetragona,Y,S*,4,1,I,Giblin and Carnegie 2014,
Chamelaucium uncinatum,Y,H,5,1,NI,Morin et al. 2012; Sandu and Park 2013; Pegg et al. 2014; Workshop 2016,
Corymbia calophylla,Y,R-L,2,0,I,Morin et al. 2012,
Corymbia citriodora,Y,R-H,3,0,I,Morin et al. 2012,
Corymbia citriodora  x C. torelliana,H,L-H,4,1,I,Morin et al. 2012,
Corymbia citriodora variegata,Y,S*,4,1,NI,Pegg et al. 2014,Corymbia variegata
Corymbia ficifolia,Y,R-H,3,0,I,Morin et al. 2012; Sandhu and Park 2013,
Corymbia ficifolia  x C. ptychocarpa,H,M,4,1,N,Pegg et al. 2014,
Corymbia gummifera,Y,R-M,2.5,0,I,Morin et al. 2012,
Corymbia henryi,Y,L-H,4,1,NI,Morin et al. 2012; Pegg et al. 2014,
Corymbia intermedia,Y,R-H,3,0,I,Morin et al. 2012,
Corymbia maculata,Y,R-M,2.5,0,I,Morin et al. 2012,
Corymbia tessellaris,Y,R-M,2.5,0,I,Morin et al. 2012,
Corymbia torelliana,Y,R-M,2.5,0,NI,Morin et al. 2012; Pegg et al. 2014,
Cryptocarya laevigata,Y,S*,4,1,N,NSW BioAtlas: Myrtle Rust Records,
Darwinia citriodora,Y,M-H,4.5,1,NI,Morin et al. 2012; Pegg et al. 2014,
Darwinia glaucophylla,Y,S*,4,1,I,Morin et al. 2012,
Darwinia procera,Y,S*,4,1,I,Morin et al. 2012,
Decaspermum humile,Y,R-H,3,0,NI,Morin et al. 2012; Pegg et al. 2014,
Eucalyptus agglomerata,Y,L-H,4,1,NI,Morin et al. 2012; Sandu and Park 2013,
Eucalyptus ambigua,Y,R-H,3,0,I,Potts et al. 2016,Eucalyptus nitida
Eucalyptus amygdalina,Y,R-H,3,0,I,Potts et al. 2016,
Eucalyptus andrewsii,Y,L-M,3.5,1,I,Morin et al. 2012,
Eucalyptus archeri,Y,R-H,3,0,I,Potts et al. 2016,
Eucalyptus argophloia,Y,R-M,2.5,0,I,Morin et al. 2012,
Eucalyptus baileyana,Y,L-H,4,1,I,Sandhu and Park 2013,
Eucalyptus barberi,Y,R-H,3,0,I,Potts et al. 2016,
Eucalyptus baueriana,Y,H,5,1,I,Sandhu and Park 2013,
Eucalyptus bicolor,Y,S*,4,1,I,Sandhu and Park 2013,Eucalyptus largiflorens
Eucalyptus bosistoana,Y,?,,1,I,Sandhu and Park 2013,
Eucalyptus brookeriana,Y,R-H,3,0,I,Potts et al. 2016,
Eucalyptus burgessiana,Y,H,5,1,I,Sandhu and Park 2013,
Eucalyptus caleyi,Y,?,,1,I,Sandhu and Park 2013,
Eucalyptus camaldulensis,Y,L-H,4,1,I,Sandhu and Park 2013,
Eucalyptus camaldulensis simulata,Y,S*,4,1,I,Giblin and Carnegie 2014,
Eucalyptus camfieldii,Y,S*,4,1,I,Morin et al. 2012,
Eucalyptus camphora,Y,H,5,1,I,Sandhu and Park 2013,
Eucalyptus carnea,Y,M-H,4.5,1,N,Pegg et al. 2014,
Eucalyptus cephalocarpa,Y,S*,4,1,I,Giblin and Carnegie 2014,
Eucalyptus cinerea,Y,M-H,4.5,1,I,Sandhu and Park 2013,
Eucalyptus cladocalyx,Y,R,1,0,I,Morin et al. 2012; Sandu and Park 2013,
Eucalyptus cloeziana,Y,M-H,4.5,1,NI,Morin et al. 2012; Sandu and Park 2013; Pegg et al. 2014,
Eucalyptus coccifera,Y,R-H,3,0,I,Potts et al. 2016,
Eucalyptus cordata cordata,Y,R-H,3,0,I,Potts et al. 2016,
Eucalyptus cordata quadrangulata,Y,R-H,3,0,I,Potts et al. 2016,
Eucalyptus cornuta,Y,L-H,4,1,I,Sandhu and Park 2013,
Eucalyptus crebra,Y,R-H,3,0,I,Sandhu and Park 2013,
Eucalyptus curtisii,Y,M-H,4.5,1,N,Pegg et al. 2014,
Eucalyptus dalrympleana,Y,R-H,3,0,I,Potts et al. 2016,
Eucalyptus deanei,Y,H,5,1,NI,Sandhu and Park 2013,
Eucalyptus deanei brunnea,Y,?,,1,NI,Sandhu and Park 2013,
Eucalyptus delegatensis,Y,R-H,3,0,I,Potts et al. 2016,
Eucalyptus diversicolor,Y,L-M,3.5,1,I,Morin et al. 2012,
Eucalyptus dunnii,Y,R-M,2.5,0,I,Morin et al. 2012; Sandu and Park 2013,
Eucalyptus elata,Y,H,5,1,NI,Sandhu and Park 2013,
Eucalyptus fastigata,Y,M-H,4.5,1,I,Sandhu and Park 2013,
Eucalyptus forrestiana,Y,L-H,4,1,I,Sandhu and Park 2013,
Eucalyptus gillii,Y,L-H,4,1,I,Sandhu and Park 2013,
Eucalyptus globoidea,Y,H,5,1,I,Sandhu and Park 2013,
Eucalyptus globulus,Y,R-H,3,0,I,Potts et al. 2016,
Eucalyptus globulus bicostata,Y,R-H,3,0,I,Morin et al. 2012; Potts et al. 2016,
Eucalyptus globulus globulus,Y,R-H,3,0,I,Morin et al. 2012,
Eucalyptus gomphocephala,Y,R-H,3,0,I,Morin et al. 2012,
Eucalyptus goniocalyx,Y,S*,4,1,I,Giblin and Carnegie 2014,
Eucalyptus grandis,Y,R-M,2.5,0,NI,Morin et al. 2012; Sandu and Park 2013; Pegg et al. 2014,
Eucalyptus grandis x camaldulensis,H,R,1,0,I,Morin et al. 2012,
Eucalyptus guilfoylei,Y,M-H,4.5,1,I,Sandhu and Park 2013,Eucalyptus guilfoyleii
Eucalyptus gunnii divaricata,Y,R-H,3,0,I,Potts et al. 2016,
Eucalyptus gunnii gunnii,Y,R-H,3,0,I,Potts et al. 2016,
Eucalyptus haemastoma,Y,R-H,3,0,I,Morin et al. 2012,
Eucalyptus jacksonii,Y,M-H,4.5,1,I,Sandhu and Park 2013,
Eucalyptus johnstonii,Y,R-H,3,0,I,Potts et al. 2016,
Eucalyptus laevopinea,Y,R-M,2.5,0,I,Morin et al. 2012,
Eucalyptus lehmannii,Y,L-H,4,1,I,Sandhu and Park 2013,
Eucalyptus longirostrata,Y,L-H,4,1,I,Morin et al. 2012,
Eucalyptus marginata marginata,Y,R-H,3,0,I,Morin et al. 2012,
Eucalyptus megacarpa,Y,L-H,4,1,I,Sandhu and Park 2013,
Eucalyptus melliodora,Y,S*,4,1,I,Sandhu and Park 2013,
Eucalyptus microcorys,Y,M-H,4.5,1,I,Sandhu and Park 2013,
Eucalyptus moluccana,Y,R-H,3,0,I,Morin et al. 2012; Sandu and Park 2013,
Eucalyptus morrisbyi,Y,R-H,3,0,I,Potts et al. 2016,
Eucalyptus nebulosa,Y,R-H,3,0,I,Potts et al. 2016,
Eucalyptus nitens,Y,R-H,3,0,I,Morin et al. 2012,
Eucalyptus obliqua,Y,R-H,3,0,I,Potts et al. 2016,
Eucalyptus occidentalis,Y,R-H,3,0,I,Morin et al. 2012; Sandu and Park 2013,
Eucalyptus olida,Y,R-H,3,0,NI,Morin et al. 2012,
Eucalyptus ovata,Y,R-H,3,0,I,Potts et al. 2016,
Eucalyptus pauciflora pauciflora,Y,R-H,3,0,I,Potts et al. 2016,
Eucalyptus pellita,Y,R-M,2.5,0,I,Morin et al. 2012,
Eucalyptus perriniana,Y,R-H,3,0,I,Potts et al. 2016,
Eucalyptus pilularis,Y,L-H,4,1,NI,Morin et al. 2012; Sandu and Park 2013,
Eucalyptus planchoniana,Y,M,4,1,N,Pegg et al. 2014,
Eucalyptus populnea,Y,R-H,3,0,I,Morin et al. 2012,
Eucalyptus pulchella,Y,R-H,3,0,I,Potts et al. 2016,
Eucalyptus punctata,Y,S*,4,1,I,Giblin and Carnegie 2014,
Eucalyptus punctata biturbinata,Y,R-H,3,0,I,Morin et al. 2012,
Eucalyptus pyriformis x E. macrocarpa,H,S*,4,1,I,Giblin and Carnegie 2014,
Eucalyptus radiata,Y,R-H,3,0,I,Potts et al. 2016,
Eucalyptus regnans,Y,R-H,3,0,I,Potts et al. 2016,
Eucalyptus resinifera,Y,R-M,2.5,0,I,Morin et al. 2012,
Eucalyptus resinifera hemilampra,Y,S*,4,1,I,Giblin and Carnegie 2014,
Eucalyptus risdonii,Y,R-H,3,0,I,Potts et al. 2016,
Eucalyptus robusta,Y,S*,4,1,N,Giblin and Carnegie 2014,
Eucalyptus rodwayi,Y,R-H,3,0,I,Potts et al. 2016,
Eucalyptus rubida,Y,R-H,3,0,I,Potts et al. 2016,
Eucalyptus saligna,Y,R-M,2.5,0,I,Morin et al. 2012,
Eucalyptus siderophloia,Y,S*,4,1,NI,Giblin and Carnegie 2014,
Eucalyptus sieberi,Y,R-H,3,0,I,Potts et al. 2016,
Eucalyptus smithii,Y,R-M,2.5,0,I,Morin et al. 2012,
Eucalyptus subcrenulata,Y,R-H,3,0,I,Potts et al. 2016,
Eucalyptus tenuiramis,Y,R-H,3,0,I,Potts et al. 2016,
Eucalyptus tereticornis,Y,R-H,3,0,NI,Morin et al. 2012; Sandu and Park 2013; Pegg et al. 2014,
Eucalyptus tindaliae,Y,R-H,3,0,NI,Morin et al. 2012; Pegg et al. 2014,
Eucalyptus torquata,Y,L-H,4,1,I,Sandhu and Park 2013,
Eucalyptus urnigera,Y,R-H,3,0,I,Potts et al. 2016,
Eucalyptus urophylla,N,S*,4,1,I,Giblin and Carnegie 2014,
Eucalyptus vernicosa,Y,R-H,3,0,I,Potts et al. 2016,
Eucalyptus viminalis,Y,S*,4,1,I,Giblin and Carnegie 2014,Eucalyptus pryoriana
Eucalyptus wandoo wandoo,Y,R-H,3,0,I,Morin et al. 2012,
Eucalyptus websteriana x E. crucis,H,S*,4,1,I,Giblin and Carnegie 2014,
Eucalyptus websteriana x E. orbifolia,H,S*,4,1,I,Giblin and Carnegie 2014,
Eucalyptus woodwardii,Y,L-H,4,1,I,Sandhu and Park 2013,
Eucalyptus xerothermica,Y,S*,4,1,I,Giblin and Carnegie 2014,
Eucalyptus youngiana x E. macrocarpa,H,S*,4,1,I,Giblin and Carnegie 2014,
Eugenia capensis natalitia,N,M,4,1,N,Pegg et al. 2014,Eugenia natalitia
Eugenia capensis zeyheri,N,M,4,1,N,Giblin and Carnegie 2014,
Eugenia reinwardtiana,Y,H,5,1,N,Pegg et al. 2014; Pegg Mt Cootha 2016; Workshop 2016,
Eugenia uniflora,N,M,4,1,N,Pegg et al. 2014,
Gossia acmenoides,Y,H,5,1,N,Pegg et al. 2014,
Gossia bamagensis,Y,M,4,1,N,Pegg et al. 2014,
Gossia bidwillii,Y,M,4,1,N,Pegg et al. 2014,
Gossia floribunda,Y,M,4,1,N,Workshop 2016,
Gossia fragrantissima,Y,M,4,1,N,Pegg et al. 2014,
Gossia gonoclada,Y,H,5,1,N,Pegg et al. 2014,
Gossia hillii,Y,H,5,1,N,Pegg et al. 2014; Pegg Mt Cootha 2016,
Gossia inophloia,Y,H,5,1,NI,Morin et al. 2012; Pegg et al. 2014,
Gossia lewisensis,Y,S*,4,1,N,Giblin and Carnegie 2014,
Gossia macilwraithensis,Y,M,4,1,N,Pegg et al. 2014,
Gossia myrsinocarpa,Y,M-H,4.5,1,N,Pegg et al. 2014; Pegg Mt Cootha 2016; Workshop 2016,Austromyrtus minutiflorum
Gossia pubiflora,Y,H,5,1,N,"Pegg, unpublished data",
Gossia punctata,Y,M-H,4.5,1,N,Pegg et al. 2014; Pegg Mt Cootha 2016,
Gossia shepherdii,Y,H,5,1,N,"Pegg, unpublished data",
Homoranthus croftianus,Y,S*,4,1,N,MR Working Group 2016,
Homoranthus flavescens,Y,S*,4,1,N,MR Working Group 2016,
Homoranthus melanostictus,Y,M,4,1,N,Pegg et al. 2014,
Homoranthus montanus,Y,S*,4,1,N,MR Working Group 2016,
Homoranthus papillatus,Y,M,4,1,N,Pegg et al. 2014,
Homoranthus prolixus,Y,S*,4,1,N,Giblin and Carnegie 2014,
Homoranthus virgatus,Y,S*,4,1,N,Giblin and Carnegie 2014,
Hypocalymma angustifolium,Y,S*,4,1,N,Giblin and Carnegie 2014,
Kunzea ambigua,Y,M-H,4.5,1,I,Morin et al. 2012; Sandhu and Park 2013 ,
Kunzea baxteri,Y,M-H,4.5,1,I,Morin et al. 2012,
Kunzea ericoides,Y,H,5,1,I,Morin et al. 2012,
Kunzea pomifera,Y,M-H,4.5,1,I,Morin et al. 2012,
Lenwebbia lasioclada,Y,M,4,1,N,Workshop 2016,
Lenwebbia prominens,Y,H,5,1,N,Pegg et al. 2014; Pegg Mt Cootha 2016; Workshop 2016,
Lenwebbia sp. Blackall Range,Y,M,4,1,N,Pegg et al. 2014,
Lenwebbia sp. 'blackall range',Y,S*,4,1,N,NSW BioAtlas: Myrtle Rust Records,
Leptospermum barneyense,Y,S*,4,1,N,MR Working Group 2016,
Leptospermum brachyandrum,Y,S*,4,1,N,Giblin and Carnegie 2014,
Leptospermum continentale,Y,S*,4,1,NI,Giblin and Carnegie 2014,
Leptospermum deuense,Y,S*,4,1,N,MR Working Group 2016,
Leptospermum glaucescens,Y,H,5,1,I,Sandhu and Park 2013,
Leptospermum grandiflorum,Y,H,5,1,I,Sandhu and Park 2013,
Leptospermum juniperinum,Y,S*,4,1,N,Giblin and Carnegie 2014,
Leptospermum laevigatum,Y,S*,4,1,I,Giblin and Carnegie 2014,
Leptospermum lanigerum,Y,H,5,1,I,Sandhu and Park 2013,
Leptospermum liversidgei,Y,M,4,1,N,Pegg et al. 2014,
Leptospermum luehmannii,Y,M,4,1,N,Pegg et al. 2014,
Leptospermum madidum,Y,M,4,1,N,"Pegg et al. 2014, Pegg Mt Cootha 2016",
Leptospermum madidum sativum,Y,S*,4,1,N,Giblin and Carnegie 2014,
Leptospermum morrisonii,Y,R-H,3,0,I,Morin et al. 2012,
Leptospermum myrsinoides,Y,S*,4,1,I,Giblin and Carnegie 2014,
Leptospermum nitidum,Y,L-H,4,1,I,Sandhu and Park 2013,
Leptospermum petersonii,Y,M,4,1,N,Pegg et al. 2014,
Leptospermum polygalifolium,Y,R-H,3,0,I,Morin et al. 2012,
Leptospermum riparium,Y,L-H,4,1,I,Sandhu and Park 2013,
Leptospermum rotundifolium,Y,S*,4,1,N,Giblin and Carnegie 2014,
Leptospermum rupestre,Y,H,5,1,I,Sandhu and Park 2013,
Leptospermum scoparium,Y,L-H,4,1,I,Sandhu and Park 2013,
Leptospermum scoparium x L. macrocarpum ,H,S*,4,1,I,Giblin and Carnegie 2014,
Leptospermum semibaccatum,Y,M,4,1,N,Pegg et al. 2014,
Leptospermum spectabile,Y,S*,4,1,N,Giblin and Carnegie 2014,
Leptospermum trinervium,Y,R-H,3,0,NI,Morin et al. 2012,
Leptospermum whitei,Y,S*,4,1,N,Giblin and Carnegie 2014,
Leptospermum wooroonooran,Y,S*,4,1,N,MR Working Group 2016,
Lindsayomyrtus racemoides,Y,M,4,1,NI,Morin et al. 2012; Pegg et al. 2014; Pegg Mt Cootha 2016,
Lithomyrtus obtusa,Y,M,4,1,N,Pegg et al. 2014,
Lithomyrtus retusa,Y,S*,4,1,N,MR Working Group 2016,
Lophomyrtus bullata,N,S*,4,1,N,Giblin and Carnegie 2014,
Lophomyrtus obcordata,N,S*,4,1,N,MR Working Group 2016,
Lophomyrtus ralphii,N,S*,4,1,N,Giblin and Carnegie 2014,
Lophostemon confertus,Y,R,1,0,I,Morin et al. 2012; Sandhu and Park 2013,
Lophostemon suaveolens,Y,R-M,2.5,0,NI,Morin et al. 2012; Pegg et al. 2014,
Melaleuca alternifolia,Y,L-H,4,1,NI,Morin et al. 2012; Sandhu and Park 2013; Giblin and Carnegie 2014,
Melaleuca argentea,Y,S*,4,1,N,Giblin and Carnegie 2014,
Melaleuca armillaris,Y,S*,4,1,N,Giblin and Carnegie 2014,
Melaleuca biconvexa,Y,S*,4,1,NI,Morin et al. 2012; Giblin and Carnegie 2014,
Melaleuca cardiophylla,Y,S*,4,1,I,Giblin and Carnegie 2014,
Melaleuca cheelii,Y,S*,4,1,N,Giblin and Carnegie 2014,
Melaleuca decora,Y,S*,4,1,N,Giblin and Carnegie 2014,
Melaleuca ericifolia,Y,R-H,3,0,I,Morin et al. 2012; Sandhu and Park 2013,
Melaleuca fluviatilis,Y,H,5,1,N,Pegg et al. 2014,
Melaleuca gibbosa,Y,H,5,1,I,Sandhu and Park 2013,
Melaleuca howeana,Y,S*,4,1,I,Giblin and Carnegie 2014,
Melaleuca leucadendra,Y,M-H,4.5,1,N,Pegg et al. 2014,
Melaleuca linariifolia,Y,M-H,4.5,1,NI,Morin et al. 2012; Pegg et al. 2014,
Melaleuca nervosa,Y,H,5,1,N,Pegg et al. 2014,
Melaleuca nesophila,Y,M,4,1,N,Pegg et al. 2014,
Melaleuca nodosa,Y,H,5,1,N,Pegg et al. 2014,
Melaleuca pustulata,Y,S*,4,1,I,Sandhu and Park 2013,
Melaleuca quinquenervia,Y,L-H,4,1,NI,Morin et al. 2012; Sandu and Park 2013; Pegg et al. 2014,
Melaleuca saligna,Y,M,4,1,N,Pegg et al. 2014,
Melaleuca sapientes,Y,S*,4,1,N,MR Working Group 2016,
Melaleuca sieberi,Y,S*,4,1,N,Giblin and Carnegie 2014,
Melaleuca squamea,Y,S*,4,1,I,Giblin and Carnegie 2014,
Melaleuca squarrosa,Y,L-H,4,1,I,Sandhu and Park 2013,
Melaleuca styphelioides,Y,S*,4,1,N,Giblin and Carnegie 2014,
Melaleuca viridiflora,Y,H,5,1,N,Pegg et al. 2014,
Metrosideros carminea,N,S*,4,1,N,Giblin and Carnegie 2014,
Metrosideros collina,N,M-H,4.5,1,NI,Morin et al. 2012; Sandu and Park 2013; Pegg et al. 2014,
Metrosideros collina x villosa,N,M,4,1,N,Pegg et al. 2014,
Metrosideros excelsa,N,H,5,1,NI,Morin et al. 2012; Sandu and Park 2013,
Metrosideros kermadecensis,N,M,4,1,N,Pegg et al. 2014,
Metrosideros nervulosa,Y,S*,4,1,I,Giblin and Carnegie 2014,
Metrosideros sclerocarpa,Y,S*,4,1,I,Giblin and Carnegie 2014,
Metrosideros thomasii,N,M,4,1,N,Pegg et al. 2014,
Metrosideros vitiensis,Y,S*,4,1,N,Board Meeting Paper (from Laura),
Mitrantia bilocularis,Y,M,4,1,NI,Pegg et al. 2014; Pegg Mt Cootha 2016; Workshop 2016,
Myrtus communis,Y,M-H,4.5,1,N,Pegg et al. 2014,
Neofabricia myrtifolia,Y,H,5,1,NI,"Pegg, unpublished data",
Osbornia octodonta,Y,M,4,1,NI,Pegg et al. 2014,
Pilidiostigma glabrum,Y,M,4,1,N,Pegg et al. 2014,
Pilidiostigma rhytispermum,Y,M,4,1,N,Workshop 2016,
Pilidiostigma tetramerum,Y,M,4,1,N,Pegg et al. 2014,
Pilidiostigma tropicum,Y,R-S*,3,0,NI,"Pegg, unpublished data",
Pimenta dioica,N,M-H,4.5,1,I,Morin et al. 2012,
Plinia cauliflora,N,M,4,1,N,Pegg et al. 2014,Myrciaria cauliflora
Psidium cattleianum,N,R-L,2,0,I,Morin et al. 2012,
Psidium guajava,N,R-L,2,0,NI,Morin et al. 2012; Sandhu and Park 2013,
Regelia velutina,Y,R-H,3,0,I,Morin et al. 2012,
Rhodamnia acuminata,Y,M,4,1,N,Pegg et al. 2014,
Rhodamnia angustifolia,Y,H,5,1,N,Pegg et al. 2014,
Rhodamnia arenaria,Y,M,4,1,N,Pegg et al. 2014,
Rhodamnia argentea,Y,M-H,4.5,1,N,Pegg et al. 2014,
Rhodamnia australis,Y,M-H,4.5,1,N,Pegg et al. 2014; Pegg Mt Cootha 2016,
Rhodamnia blairiana,Y,M,4,1,N,Pegg et al. 2014,
Rhodamnia costata,Y,M-H,4.5,1,N,Pegg et al. 2014; Pegg Mt Cootha 2016,
Rhodamnia dumicola,Y,M-H,4.5,1,N,Pegg et al. 2014,
Rhodamnia glabrescens,Y,M,4,1,N,Pegg et al. 2014,
Rhodamnia glauca,Y,H,5,1,NI,Workshop 2016,Rhodamnia spongiosa
Rhodamnia maideniana,Y,H,5,1,N,Pegg et al. 2014; Pegg Mt Cootha 2016; Workshop 2016,
Rhodamnia pauciovulata,Y,M,4,1,N,Pegg et al. 2014,
Rhodamnia rubescens,Y,H,5,1,N,Workshop 2016,
Rhodamnia sessiliflora,Y,M-H,4.5,1,N,Pegg et al. 2014,
Rhodomyrtus effusa,Y,M,4,1,N,Pegg et al. 2014,
Rhodomyrtus macrocarpa,Y,M,4,1,N,Pegg et al. 2014,
Rhodomyrtus pervagata,Y,M-H,4.5,1,NI,Pegg et al. 2014; Pegg Mt Cootha 2016; Workshop 2016,
Rhodomyrtus psidioides,Y,H,5,1,N,Workshop 2016,
Rhodomyrtus sericea,Y,M,4,1,N,Pegg et al. 2014,
Rhodomyrtus tomentosa,N,M-H,4.5,1,N,Pegg et al. 2014,
Rhodomyrtus trineura,Y,H,5,1,N,Workshop 2016,
Rhodomyrtus trineura canescens,Y,S*,4,1,N,Giblin and Carnegie 2014,Rhodomyrtus canescens
Rhodomyrtus trineura capensis,Y,M,4,1,N,Pegg et al. 2014,
Ristantia pachysperma,Y,S*,4,1,N,Giblin and Carnegie 2014,
Ristantia waterhousei,Y,L-M,3.5,1,N,Pegg et al. 2014; Pegg Mt Cootha 2016,
Sannantha angusta,Y,R,1,0,I,Morin et al. 2012,
"Sannantha tozerensis ""Mt Tozer""",Y,R,1,0,N,"Pegg, unpublished data",
Sphaerantia discolor,Y,M,4,1,N,Pegg et al. 2014; Pegg Mt Cootha 2016; Workshop 2016,
Stockwellia quadrifida,Y,H,5,1,N,Pegg et al. 2014,
Syncarpia glomulifera,Y,R-H,3,0,NI,Morin et al. 2012,
Syzygium alatoramulum,Y,M,4,1,N,"Pegg, unpublished data",
Syzygium alliiligneum,Y,R,1,0,N,"Pegg, unpublished data",Syzygium alliligneum
Syzygium angophoroides,Y,M,4,1,N,Pegg et al. 2014,
Syzygium anisatum,Y,M-H,4.5,1,NI,Morin et al. 2012; Giblin and Carnegie 2014,
Syzygium apodophyllum,Y,M,4,1,N,Pegg et al. 2014; Pegg Mt Cootha 2016,
Syzygium aqueum,Y,M,4,1,N,Pegg et al. 2014,
Syzygium argyropedicum,Y,M,4,1,N,Pegg et al. 2014; Pegg Mt Cootha 2016,
Syzygium armstrongii,Y,M,4,1,N,Pegg et al. 2014,
Syzygium australe,Y,R-M,2.5,0,NI,Pegg et al. 2014; Pegg Mt Cootha 2016,
Syzygium australe (Captain Cook),Y,L-M,3.5,1,I,Morin et al. 2012,
Syzygium australe (Meriden Midget),Y,H,5,1,I,Morin et al. 2012,
Syzygium australe pinnacle,N,H,5,1,I,Sandhu and Park 2013,
Syzygium bamagense,Y,M-H,4.5,1,N,Pegg et al. 2014; Pegg Mt Cootha 2016,
Syzygium banksii,Y,M,4,1,N,Pegg et al. 2014,
Syzygium boonjee,Y,M,4,1,N,Pegg et al. 2014,
Syzygium branderhorstii,Y,R,1,0,NI,Sandhu and Park 2013; Giblin and Carnegie 2014; Pegg Mt Cootha 2016,
Syzygium buettnerianum,Y,S*,4,1,N,Giblin and Carnegie 2014,
Syzygium bungadinnia,Y,S*,4,1,N,Giblin and Carnegie 2014,
Syzygium canicortex,Y,R-M,2.5,0,N,Pegg et al. 2014; Pegg Mt Cootha 2016,
Syzygium claviflorum,Y,M-H,4.5,1,N,Workshop 2016,Acmenosperma claviflorum
Syzygium cormiflorum,Y,M,4,1,N,Pegg et al. 2014; Pegg Mt Cootha 2016,
Syzygium corynanthum,Y,M-H,4.5,1,N,Pegg et al. 2014; Pegg Mt Cootha 2016,
Syzygium cryptophlebium,Y,S*,4,1,N,Giblin and Carnegie 2014,Syzygium wilsonii subsp. Cryptophlebium
Syzygium cumini,Y,M,4,1,N,Pegg et al. 2014,
Syzygium dansiei,Y,M,4,1,N,Pegg et al. 2014; Pegg Mt Cootha 2016;Workshop 2016,
Syzygium endophloium,Y,M,4,1,N,Pegg et al. 2014,
Syzygium erythrocalyx,Y,R-M,2.5,0,N,Pegg et al. 2014; Pegg Mt Cootha 2016,
Syzygium erythrodoxum,Y,S*,4,1,N,Giblin and Carnegie 2014,
Syzygium eucalyptoides,Y,H,5,1,N,Workshop 2016,
Syzygium eucalyptoides eucalyptoides,Y,M,4,1,N,Pegg et al. 2014,
Syzygium fibrosum,Y,L-M,3.5,1,I,"Morin et al. 2012; Pegg, unpublished data",
Syzygium floribundum,Y,R-H,3,0,I,Morin et al. 2012; Sandu and Park 2013; Pegg et al. 2014; Pegg Mt Cootha 2016,Waterhousea floribunda
Syzygium forte,Y,M,4,1,N,"Pegg, unpublished data",
Syzygium forte forte,Y,M,4,1,N,Workshop 2016,
Syzygium forte potamophilum,Y,M,4,1,N,Pegg et al. 2014,
Syzygium francisii,Y,M-H,4.5,1,I,Morin et al. 2012,
Syzygium fullagarii,Y,S*,4,1,I,Giblin and Carnegie 2014; Pegg et al. 2014; Pegg Mt Cootha 2016,
Syzygium glenum,Y,S*,4,1,N,Giblin and Carnegie 2014; Pegg Mt Cootha 2016,
Syzygium graveolens,Y,S*,4,1,N,Giblin and Carnegie 2014,
Syzygium hedraiophyllum,Y,R-M,2.5,0,N,Pegg et al. 2014,Waterhousea hedraiophylla
Syzygium hemilamprum,Y,M,4,1,N,Pegg et al. 2014,Acmena hemilampra
Syzygium hodgkinsoniae,Y,S*,4,1,N,Giblin and Carnegie 2014,
Syzygium ingens,Y,M,4,1,N,Pegg et al. 2014,Acmena ingens
Syzygium jambos,N,R-H,3,0,NI,Morin et al. 2012; Sandu and Park 2013; Pegg et al. 2014,
Syzygium johnsonii,N,M,4,1,N,"Pegg, unpublished data",Syzygium johnsonni
Syzygium kuranda,Y,M,4,1,N,Pegg et al. 2014,
Syzygium luehmannii,Y,R-H,3,0,NI,Morin et al. 2012; Sandu and Park 2013; Pegg et al. 2014,
Syzygium macilwraithianum,Y,M-H,4.5,1,N,Pegg et al. 2014; Pegg Mt Cootha 2012,
Syzygium mackinnonianum,Y,M,4,1,NI,"Pegg, unpublished data",Acmena mackinnoniana
Syzygium malaccense,Y,R,1,0,I,Sandhu and Park 2013,
Syzygium maraca,Y,S*,4,1,N,Giblin and Carnegie 2014,
Syzygium megacarpum,N,S*,4,1,N,Giblin and Carnegie 2014,
Syzygium minutiflorum,N,M,4,1,N,Pegg et al. 2014; Pegg Mt Cootha 2012,
Syzygium monimioides,Y,R,1,0,N,"Sandhu and Park 2013; Pegg, unpublished data",
Syzygium moorei,Y,R-M,2.5,0,N,Pegg et al. 2014; Pegg Mt Cootha 2012,
Syzygium mulgraveanum,Y,M,4,1,NI,Giblin and Carnegie 2014; Pegg et al. 2014; Pegg Mt Cootha 2016,Waterhousea mulgraveana
Syzygium nervosum,Y,H,5,1,N,Pegg et al. 2014; Pegg Mt Cootha 2012; Workshop 2016,
Syzygium oleosum,Y,R-H,3,0,NI,Morin et al. 2012; Pegg et al. 2014,
Syzygium paniculatum,Y,R-M,2.5,0,NI,Morin et al. 2012; Pegg et al. 2014,
Syzygium polyanthum,N,S*,4,1,N,Giblin and Carnegie 2014,
Syzygium pseudofastigiatum,Y,M,4,1,N,Pegg et al. 2014; Pegg Mt Cootha 2012,
Syzygium puberulum,Y,M,4,1,N,Pegg et al. 2014,
Syzygium resa,Y,S*,4,1,N,Giblin and Carnegie 2014,
Syzygium rubrimolle,Y,M,4,1,N,Sandhu and Park 2013; Giblin and Carnegie 2014; Pegg et al. 2014; Pegg Mt Cootha 2016,
Syzygium sayeri,Y,R,1,0,N,"Pegg, unpublished data",
Syzygium smithii,Y,M-H,4.5,1,NI,Pegg et al. 2014,Acmena smithii
Syzygium suborbiculare,Y,M,4,1,N,Pegg et al. 2014,
Syzygium tierneyanum,Y,M,4,1,N,Morin et al. 2012; Pegg et al. 2014; Pegg Mt Cootha 2016,
Syzygium trachyphloium,Y,R,1,0,N,"Pegg, unpublished data",
Syzygium unipunctatum,Y,R-M,2.5,0,NI,Pegg et al. 2014,Waterhousea unipunctata
Syzygium velarum,Y,S*,4,1,N,Giblin and Carnegie 2014,
Syzygium wesa,Y,S*,4,1,N,NSW BioAtlas: Myrtle Rust Records,
Syzygium wilsonii,Y,M,4,1,N,Pegg et al. 2014; Pegg Mt Cootha 2016,
Syzygium wilsonii x luehmannii,H,M,4,1,NI,"Pegg, unpublished data",
Syzygium xerampelinum,Y,M,4,1,N,Pegg et al. 2014; Pegg Mt Cootha 2016,
Thaleropia queenslandica,Y,M,4,1,N,"Pegg, unpublished data",
Thryptomene calycina,Y,H,5,1,I,Morin et al. 2012,
Thryptomene saxicola,Y,M,4,1,N,Pegg et al. 2014,
Tristania neriifolia,Y,M-H,4.5,1,NI,Morin et al. 2012; Pegg et al. 2014,
Tristaniopsis collina,Y,S*,4,1,N,Giblin and Carnegie 2014,
Tristaniopsis exiliflora,Y,M-H,4.5,1,N,Pegg et al. 2014; Pegg Mt Cootha 2016,
Tristaniopsis laurina,Y,R-H,3,0,NI,Morin et al. 2012; Sandu and Park 2013; Pegg et al. 2014; Pegg Mt Cootha 2016; Workshop 2016,
Ugni molinae,N,S*,4,1,N,Giblin and Carnegie 2014,
Uromyrtus australis,Y,S*,4,1,N,Giblin and Carnegie 2014,
Uromyrtus lamingtonensis,Y,S*,4,1,N,Giblin and Carnegie 2014,
Uromyrtus metrosideros,Y,S*,4,1,N,Giblin and Carnegie 2014,
Uromyrtus tenella,Y,M,4,1,N,Pegg et al. 2014,
Verticordia chrysantha,Y,R-H,3,0,I,Morin et al. 2012,
Verticordia plumosa,Y,H,5,1,I,Morin et al. 2012,
Xanthostemon chrysanthus,Y,L-H,4,1,NI,Morin et al. 2012; Pegg et al. 2014,
Xanthostemon crenulatus,Y,R,1,0,N,"Pegg, unpublished data",
Xanthostemon formosus,Y,S*,4,1,N,Giblin and Carnegie 2014,
Xanthostemon fruticosus,N,S*,4,1,N,Pegg 2016,
Xanthostemon graniticus,Y,S*,4,1,N,Giblin and Carnegie 2014,
Xanthostemon oppositifolius,Y,H,5,1,N,Pegg et al. 2014,
Xanthostemon youngii,Y,M,4,1,I,Pegg et al. 2014,
